{
    "nodes": [
        {
            "id": 0,
            "x": 18,
            "y": 19
        },
        {
            "id": 1,
            "x": 39,
            "y": 19
        },
        {
            "id": 2,
            "x": 6,
            "y": 33
        },
        {
            "id": 3,
            "x": 29,
            "y": 28
        },
        {
            "id": 4,
            "x": 18,
            "y": 4
        },
        {
            "id": 5,
            "x": 26,
            "y": 20
        },
        {
            "id": 6,
            "x": 39,
            "y": 20
        },
        {
            "id": 7,
            "x": 33,
            "y": 24
        },
        {
            "id": 8,
            "x": 39,
            "y": 35
        },
        {
            "id": 9,
            "x": 8,
            "y": 29
        },
        {
            "id": 10,
            "x": 7,
            "y": 18
        },
        {
            "id": 11,
            "x": 29,
            "y": 17
        },
        {
            "id": 12,
            "x": 25,
            "y": 50
        },
        {
            "id": 13,
            "x": 43,
            "y": 13
        },
        {
            "id": 14,
            "x": 26,
            "y": 50
        },
        {
            "id": 15,
            "x": 26,
            "y": 28
        },
        {
            "id": 16,
            "x": 8,
            "y": 24
        },
        {
            "id": 17,
            "x": 25,
            "y": 4
        },
        {
            "id": 18,
            "x": 17,
            "y": 20
        },
        {
            "id": 19,
            "x": 32,
            "y": 12
        },
        {
            "id": 20,
            "x": 11,
            "y": 4
        },
        {
            "id": 21,
            "x": 14,
            "y": 18
        },
        {
            "id": 22,
            "x": 37,
            "y": 16
        },
        {
            "id": 23,
            "x": 27,
            "y": 50
        },
        {
            "id": 24,
            "x": 17,
            "y": 33
        },
        {
            "id": 25,
            "x": 33,
            "y": 16
        },
        {
            "id": 26,
            "x": 24,
            "y": 50
        },
        {
            "id": 27,
            "x": 26,
            "y": 26
        },
        {
            "id": 28,
            "x": 19,
            "y": 31
        },
        {
            "id": 29,
            "x": 26,
            "y": 31
        },
        {
            "id": 30,
            "x": 37,
            "y": 20
        },
        {
            "id": 31,
            "x": 13,
            "y": 16
        },
        {
            "id": 32,
            "x": 9,
            "y": 17
        },
        {
            "id": 33,
            "x": 26,
            "y": 35
        },
        {
            "id": 34,
            "x": 19,
            "y": 22
        },
        {
            "id": 35,
            "x": 29,
            "y": 10
        },
        {
            "id": 36,
            "x": 33,
            "y": 22
        },
        {
            "id": 37,
            "x": 29,
            "y": 35
        },
        {
            "id": 38,
            "x": 6,
            "y": 21
        },
        {
            "id": 39,
            "x": 21,
            "y": 36
        }
    ],
    "edges": [
        {
            "source": 39,
            "target": 12
        },
        {
            "source": 31,
            "target": 21
        },
        {
            "source": 18,
            "target": 14
        },
        {
            "source": 33,
            "target": 26
        },
        {
            "source": 19,
            "target": 13
        },
        {
            "source": 24,
            "target": 8
        },
        {
            "source": 2,
            "target": 8
        },
        {
            "source": 5,
            "target": 28
        },
        {
            "source": 9,
            "target": 28
        },
        {
            "source": 17,
            "target": 26
        },
        {
            "source": 11,
            "target": 1
        },
        {
            "source": 4,
            "target": 35
        },
        {
            "source": 4,
            "target": 11
        },
        {
            "source": 30,
            "target": 36
        },
        {
            "source": 39,
            "target": 23
        },
        {
            "source": 38,
            "target": 23
        },
        {
            "source": 35,
            "target": 19
        },
        {
            "source": 20,
            "target": 11
        },
        {
            "source": 3,
            "target": 14
        },
        {
            "source": 9,
            "target": 29
        },
        {
            "source": 25,
            "target": 0
        },
        {
            "source": 32,
            "target": 6
        },
        {
            "source": 25,
            "target": 32
        },
        {
            "source": 27,
            "target": 15
        },
        {
            "source": 5,
            "target": 3
        },
        {
            "source": 22,
            "target": 10
        },
        {
            "source": 29,
            "target": 33
        },
        {
            "source": 34,
            "target": 16
        },
        {
            "source": 15,
            "target": 9
        },
        {
            "source": 7,
            "target": 27
        },
        {
            "source": 13,
            "target": 31
        },
        {
            "source": 10,
            "target": 7
        },
        {
            "source": 28,
            "target": 24
        },
        {
            "source": 36,
            "target": 7
        },
        {
            "source": 1,
            "target": 38
        },
        {
            "source": 31,
            "target": 0
        },
        {
            "source": 19,
            "target": 25
        },
        {
            "source": 35,
            "target": 21
        },
        {
            "source": 13,
            "target": 34
        },
        {
            "source": 6,
            "target": 3
        },
        {
            "source": 22,
            "target": 15
        },
        {
            "source": 38,
            "target": 37
        },
        {
            "source": 20,
            "target": 24
        },
        {
            "source": 22,
            "target": 5
        },
        {
            "source": 10,
            "target": 30
        },
        {
            "source": 1,
            "target": 34
        },
        {
            "source": 0,
            "target": 36
        },
        {
            "source": 16,
            "target": 27
        },
        {
            "source": 17,
            "target": 2
        },
        {
            "source": 8,
            "target": 39
        },
        {
            "source": 11,
            "target": 18
        },
        {
            "source": 3,
            "target": 33
        },
        {
            "source": 37,
            "target": 12
        }
    ],
    "width": 50,
    "height": 50
}