{
    "nodes": [
        {
            "id": 0,
            "x": 41,
            "y": 40
        },
        {
            "id": 1,
            "x": 13,
            "y": 50
        },
        {
            "id": 2,
            "x": 8,
            "y": 13
        },
        {
            "id": 3,
            "x": 15,
            "y": 18
        },
        {
            "id": 4,
            "x": 35,
            "y": 19
        },
        {
            "id": 5,
            "x": 61,
            "y": 16
        },
        {
            "id": 6,
            "x": 58,
            "y": 31
        },
        {
            "id": 7,
            "x": 53,
            "y": 57
        },
        {
            "id": 8,
            "x": 38,
            "y": 26
        },
        {
            "id": 9,
            "x": 7,
            "y": 32
        },
        {
            "id": 10,
            "x": 56,
            "y": 36
        },
        {
            "id": 11,
            "x": 30,
            "y": 44
        },
        {
            "id": 12,
            "x": 10,
            "y": 28
        },
        {
            "id": 13,
            "x": 35,
            "y": 36
        },
        {
            "id": 14,
            "x": 58,
            "y": 45
        },
        {
            "id": 15,
            "x": 62,
            "y": 35
        },
        {
            "id": 16,
            "x": 44,
            "y": 18
        },
        {
            "id": 17,
            "x": 27,
            "y": 35
        },
        {
            "id": 18,
            "x": 58,
            "y": 22
        },
        {
            "id": 19,
            "x": 9,
            "y": 37
        },
        {
            "id": 20,
            "x": 11,
            "y": 59
        },
        {
            "id": 21,
            "x": 60,
            "y": 54
        },
        {
            "id": 22,
            "x": 15,
            "y": 14
        },
        {
            "id": 23,
            "x": 28,
            "y": 53
        },
        {
            "id": 24,
            "x": 38,
            "y": 23
        },
        {
            "id": 25,
            "x": 27,
            "y": 18
        },
        {
            "id": 26,
            "x": 7,
            "y": 19
        },
        {
            "id": 27,
            "x": 41,
            "y": 33
        },
        {
            "id": 28,
            "x": 45,
            "y": 30
        },
        {
            "id": 29,
            "x": 23,
            "y": 40
        },
        {
            "id": 30,
            "x": 15,
            "y": 33
        },
        {
            "id": 31,
            "x": 44,
            "y": 14
        },
        {
            "id": 32,
            "x": 44,
            "y": 10
        },
        {
            "id": 33,
            "x": 12,
            "y": 23
        },
        {
            "id": 34,
            "x": 53,
            "y": 29
        },
        {
            "id": 35,
            "x": 53,
            "y": 59
        },
        {
            "id": 36,
            "x": 20,
            "y": 42
        },
        {
            "id": 37,
            "x": 23,
            "y": 52
        },
        {
            "id": 38,
            "x": 35,
            "y": 47
        },
        {
            "id": 39,
            "x": 49,
            "y": 16
        },
        {
            "id": 40,
            "x": 44,
            "y": 48
        },
        {
            "id": 41,
            "x": 61,
            "y": 37
        },
        {
            "id": 42,
            "x": 62,
            "y": 49
        },
        {
            "id": 43,
            "x": 15,
            "y": 40
        },
        {
            "id": 44,
            "x": 33,
            "y": 42
        },
        {
            "id": 45,
            "x": 61,
            "y": 25
        },
        {
            "id": 46,
            "x": 31,
            "y": 21
        },
        {
            "id": 47,
            "x": 41,
            "y": 50
        },
        {
            "id": 48,
            "x": 53,
            "y": 52
        },
        {
            "id": 49,
            "x": 56,
            "y": 33
        }
    ],
    "edges": [
        {
            "source": 22,
            "target": 5
        },
        {
            "source": 31,
            "target": 16
        },
        {
            "source": 16,
            "target": 24
        },
        {
            "source": 29,
            "target": 1
        },
        {
            "source": 12,
            "target": 49
        },
        {
            "source": 21,
            "target": 7
        },
        {
            "source": 12,
            "target": 27
        },
        {
            "source": 5,
            "target": 25
        },
        {
            "source": 31,
            "target": 24
        },
        {
            "source": 24,
            "target": 34
        },
        {
            "source": 41,
            "target": 36
        },
        {
            "source": 28,
            "target": 17
        },
        {
            "source": 17,
            "target": 11
        },
        {
            "source": 28,
            "target": 30
        },
        {
            "source": 36,
            "target": 11
        },
        {
            "source": 16,
            "target": 4
        },
        {
            "source": 46,
            "target": 24
        },
        {
            "source": 32,
            "target": 5
        },
        {
            "source": 30,
            "target": 36
        },
        {
            "source": 1,
            "target": 20
        },
        {
            "source": 39,
            "target": 16
        },
        {
            "source": 43,
            "target": 1
        },
        {
            "source": 31,
            "target": 39
        },
        {
            "source": 13,
            "target": 44
        },
        {
            "source": 38,
            "target": 47
        },
        {
            "source": 33,
            "target": 45
        },
        {
            "source": 11,
            "target": 20
        },
        {
            "source": 1,
            "target": 37
        },
        {
            "source": 44,
            "target": 11
        },
        {
            "source": 0,
            "target": 47
        },
        {
            "source": 23,
            "target": 20
        },
        {
            "source": 26,
            "target": 18
        },
        {
            "source": 10,
            "target": 19
        },
        {
            "source": 14,
            "target": 1
        },
        {
            "source": 6,
            "target": 49
        },
        {
            "source": 30,
            "target": 17
        },
        {
            "source": 30,
            "target": 41
        },
        {
            "source": 0,
            "target": 38
        },
        {
            "source": 8,
            "target": 9
        },
        {
            "source": 3,
            "target": 45
        },
        {
            "source": 24,
            "target": 8
        },
        {
            "source": 40,
            "target": 21
        },
        {
            "source": 38,
            "target": 23
        },
        {
            "source": 32,
            "target": 26
        },
        {
            "source": 36,
            "target": 14
        },
        {
            "source": 18,
            "target": 45
        },
        {
            "source": 24,
            "target": 12
        },
        {
            "source": 15,
            "target": 19
        },
        {
            "source": 12,
            "target": 15
        },
        {
            "source": 13,
            "target": 38
        },
        {
            "source": 27,
            "target": 0
        },
        {
            "source": 19,
            "target": 42
        },
        {
            "source": 19,
            "target": 40
        },
        {
            "source": 14,
            "target": 20
        },
        {
            "source": 5,
            "target": 3
        },
        {
            "source": 29,
            "target": 36
        },
        {
            "source": 13,
            "target": 0
        },
        {
            "source": 29,
            "target": 44
        },
        {
            "source": 16,
            "target": 12
        },
        {
            "source": 41,
            "target": 43
        },
        {
            "source": 34,
            "target": 6
        },
        {
            "source": 49,
            "target": 10
        },
        {
            "source": 17,
            "target": 44
        },
        {
            "source": 2,
            "target": 4
        },
        {
            "source": 44,
            "target": 37
        },
        {
            "source": 48,
            "target": 21
        },
        {
            "source": 46,
            "target": 18
        },
        {
            "source": 37,
            "target": 23
        },
        {
            "source": 32,
            "target": 25
        },
        {
            "source": 38,
            "target": 37
        },
        {
            "source": 33,
            "target": 30
        },
        {
            "source": 2,
            "target": 25
        },
        {
            "source": 25,
            "target": 4
        },
        {
            "source": 45,
            "target": 30
        },
        {
            "source": 10,
            "target": 48
        },
        {
            "source": 34,
            "target": 15
        },
        {
            "source": 11,
            "target": 37
        },
        {
            "source": 48,
            "target": 7
        },
        {
            "source": 15,
            "target": 10
        },
        {
            "source": 22,
            "target": 3
        },
        {
            "source": 27,
            "target": 15
        },
        {
            "source": 10,
            "target": 42
        },
        {
            "source": 9,
            "target": 44
        },
        {
            "source": 26,
            "target": 46
        },
        {
            "source": 18,
            "target": 8
        },
        {
            "source": 11,
            "target": 1
        },
        {
            "source": 26,
            "target": 28
        },
        {
            "source": 28,
            "target": 29
        },
        {
            "source": 8,
            "target": 27
        },
        {
            "source": 4,
            "target": 8
        },
        {
            "source": 15,
            "target": 42
        },
        {
            "source": 0,
            "target": 42
        },
        {
            "source": 41,
            "target": 29
        },
        {
            "source": 3,
            "target": 33
        },
        {
            "source": 0,
            "target": 40
        },
        {
            "source": 26,
            "target": 45
        },
        {
            "source": 42,
            "target": 21
        },
        {
            "source": 18,
            "target": 9
        },
        {
            "source": 19,
            "target": 0
        },
        {
            "source": 17,
            "target": 13
        },
        {
            "source": 31,
            "target": 4
        },
        {
            "source": 16,
            "target": 34
        },
        {
            "source": 25,
            "target": 46
        },
        {
            "source": 30,
            "target": 29
        },
        {
            "source": 25,
            "target": 18
        },
        {
            "source": 47,
            "target": 37
        },
        {
            "source": 46,
            "target": 9
        },
        {
            "source": 8,
            "target": 13
        },
        {
            "source": 0,
            "target": 44
        },
        {
            "source": 33,
            "target": 41
        },
        {
            "source": 24,
            "target": 27
        },
        {
            "source": 12,
            "target": 34
        },
        {
            "source": 18,
            "target": 28
        },
        {
            "source": 5,
            "target": 26
        },
        {
            "source": 9,
            "target": 13
        },
        {
            "source": 12,
            "target": 19
        },
        {
            "source": 36,
            "target": 1
        },
        {
            "source": 47,
            "target": 35
        },
        {
            "source": 40,
            "target": 35
        },
        {
            "source": 40,
            "target": 42
        },
        {
            "source": 4,
            "target": 46
        },
        {
            "source": 2,
            "target": 31
        },
        {
            "source": 47,
            "target": 21
        },
        {
            "source": 44,
            "target": 38
        },
        {
            "source": 40,
            "target": 47
        },
        {
            "source": 46,
            "target": 8
        },
        {
            "source": 42,
            "target": 48
        },
        {
            "source": 27,
            "target": 13
        },
        {
            "source": 32,
            "target": 22
        },
        {
            "source": 49,
            "target": 15
        },
        {
            "source": 27,
            "target": 19
        },
        {
            "source": 33,
            "target": 28
        },
        {
            "source": 43,
            "target": 36
        },
        {
            "source": 45,
            "target": 28
        },
        {
            "source": 18,
            "target": 17
        },
        {
            "source": 5,
            "target": 45
        },
        {
            "source": 4,
            "target": 24
        },
        {
            "source": 9,
            "target": 27
        },
        {
            "source": 37,
            "target": 20
        },
        {
            "source": 8,
            "target": 12
        },
        {
            "source": 3,
            "target": 26
        },
        {
            "source": 21,
            "target": 35
        },
        {
            "source": 25,
            "target": 26
        },
        {
            "source": 34,
            "target": 49
        },
        {
            "source": 39,
            "target": 34
        },
        {
            "source": 29,
            "target": 11
        },
        {
            "source": 32,
            "target": 2
        },
        {
            "source": 9,
            "target": 17
        },
        {
            "source": 11,
            "target": 38
        },
        {
            "source": 13,
            "target": 19
        },
        {
            "source": 43,
            "target": 14
        },
        {
            "source": 23,
            "target": 35
        },
        {
            "source": 7,
            "target": 35
        },
        {
            "source": 39,
            "target": 6
        },
        {
            "source": 47,
            "target": 23
        },
        {
            "source": 2,
            "target": 46
        },
        {
            "source": 17,
            "target": 29
        },
        {
            "source": 40,
            "target": 48
        },
        {
            "source": 38,
            "target": 40
        },
        {
            "source": 16,
            "target": 6
        },
        {
            "source": 28,
            "target": 9
        }
    ],
    "width": 70,
    "height": 70
}