{
    "nodes": [
        {
            "id": 0,
            "x": 17,
            "y": 24
        },
        {
            "id": 1,
            "x": 8,
            "y": 8
        },
        {
            "id": 2,
            "x": 34,
            "y": 6
        },
        {
            "id": 3,
            "x": 19,
            "y": 18
        },
        {
            "id": 4,
            "x": 34,
            "y": 33
        },
        {
            "id": 5,
            "x": 20,
            "y": 19
        },
        {
            "id": 6,
            "x": 14,
            "y": 15
        },
        {
            "id": 7,
            "x": 26,
            "y": 14
        },
        {
            "id": 8,
            "x": 5,
            "y": 34
        },
        {
            "id": 9,
            "x": 36,
            "y": 4
        },
        {
            "id": 10,
            "x": 19,
            "y": 21
        },
        {
            "id": 11,
            "x": 31,
            "y": 30
        },
        {
            "id": 12,
            "x": 22,
            "y": 16
        },
        {
            "id": 13,
            "x": 36,
            "y": 35
        },
        {
            "id": 14,
            "x": 27,
            "y": 25
        },
        {
            "id": 15,
            "x": 2,
            "y": 2
        },
        {
            "id": 16,
            "x": 0,
            "y": 39
        },
        {
            "id": 17,
            "x": 12,
            "y": 29
        },
        {
            "id": 18,
            "x": 28,
            "y": 28
        },
        {
            "id": 19,
            "x": 39,
            "y": 1
        },
        {
            "id": 20,
            "x": 9,
            "y": 32
        },
        {
            "id": 21,
            "x": 4,
            "y": 37
        },
        {
            "id": 22,
            "x": 20,
            "y": 20
        },
        {
            "id": 23,
            "x": 39,
            "y": 38
        },
        {
            "id": 24,
            "x": 15,
            "y": 13
        },
        {
            "id": 25,
            "x": 16,
            "y": 26
        },
        {
            "id": 26,
            "x": 28,
            "y": 11
        },
        {
            "id": 27,
            "x": 5,
            "y": 5
        },
        {
            "id": 28,
            "x": 11,
            "y": 10
        },
        {
            "id": 29,
            "x": 31,
            "y": 9
        },
        {
            "id": 30,
            "x": 23,
            "y": 23
        },
        {
            "id": 31,
            "x": 0,
            "y": 0
        }
    ],
    "edges": [
        {
            "source": 27,
            "target": 8
        },
        {
            "source": 26,
            "target": 25
        },
        {
            "source": 6,
            "target": 14
        },
        {
            "source": 4,
            "target": 8
        },
        {
            "source": 1,
            "target": 11
        },
        {
            "source": 9,
            "target": 13
        },
        {
            "source": 6,
            "target": 12
        },
        {
            "source": 28,
            "target": 18
        },
        {
            "source": 9,
            "target": 21
        },
        {
            "source": 6,
            "target": 0
        },
        {
            "source": 7,
            "target": 0
        },
        {
            "source": 27,
            "target": 13
        },
        {
            "source": 27,
            "target": 2
        },
        {
            "source": 11,
            "target": 20
        },
        {
            "source": 2,
            "target": 20
        },
        {
            "source": 8,
            "target": 13
        },
        {
            "source": 29,
            "target": 11
        },
        {
            "source": 29,
            "target": 20
        },
        {
            "source": 10,
            "target": 30
        },
        {
            "source": 27,
            "target": 4
        },
        {
            "source": 28,
            "target": 17
        },
        {
            "source": 20,
            "target": 4
        },
        {
            "source": 19,
            "target": 15
        },
        {
            "source": 31,
            "target": 16
        },
        {
            "source": 29,
            "target": 28
        },
        {
            "source": 30,
            "target": 0
        },
        {
            "source": 22,
            "target": 10
        },
        {
            "source": 0,
            "target": 14
        },
        {
            "source": 9,
            "target": 27
        },
        {
            "source": 29,
            "target": 17
        },
        {
            "source": 24,
            "target": 14
        },
        {
            "source": 21,
            "target": 23
        },
        {
            "source": 12,
            "target": 30
        },
        {
            "source": 12,
            "target": 0
        },
        {
            "source": 23,
            "target": 16
        },
        {
            "source": 15,
            "target": 13
        },
        {
            "source": 3,
            "target": 10
        },
        {
            "source": 25,
            "target": 18
        },
        {
            "source": 15,
            "target": 9
        },
        {
            "source": 19,
            "target": 21
        },
        {
            "source": 12,
            "target": 3
        },
        {
            "source": 5,
            "target": 10
        },
        {
            "source": 31,
            "target": 23
        },
        {
            "source": 3,
            "target": 22
        },
        {
            "source": 15,
            "target": 23
        },
        {
            "source": 24,
            "target": 25
        },
        {
            "source": 18,
            "target": 17
        },
        {
            "source": 9,
            "target": 8
        },
        {
            "source": 1,
            "target": 29
        },
        {
            "source": 24,
            "target": 7
        },
        {
            "source": 1,
            "target": 20
        },
        {
            "source": 28,
            "target": 26
        },
        {
            "source": 2,
            "target": 1
        },
        {
            "source": 14,
            "target": 25
        },
        {
            "source": 19,
            "target": 23
        },
        {
            "source": 3,
            "target": 30
        },
        {
            "source": 6,
            "target": 30
        },
        {
            "source": 19,
            "target": 16
        },
        {
            "source": 7,
            "target": 14
        },
        {
            "source": 17,
            "target": 11
        },
        {
            "source": 2,
            "target": 8
        }
    ],
    "width": 40,
    "height": 40
}