{
    "nodes": [
	{
	    "id": 0,
	    "x": 40,
	    "y": 19
	},
	{
	    "id": 1,
	    "x": 20,
	    "y": 19
	},
	{
	    "id": 2,
	    "x": 0,
	    "y": 33
	},
	{
	    "id": 3,
	    "x": 28,
	    "y": 28
	},
	{
	    "id": 4,
	    "x": 18,
	    "y": 4
	},
	{
	    "id": 5,
	    "x": 18,
	    "y": 20
	},
	{
	    "id": 6,
	    "x": 29,
	    "y": 20
	},
	{
	    "id": 7,
	    "x": 47,
	    "y": 24
	},
	{
	    "id": 8,
	    "x": 4,
	    "y": 35
	},
	{
	    "id": 9,
	    "x": 25,
	    "y": 29
	},
	{
	    "id": 10,
	    "x": 44,
	    "y": 18
	},
	{
	    "id": 11,
	    "x": 14,
	    "y": 17
	},
	{
	    "id": 12,
	    "x": 9,
	    "y": 50
	},
	{
	    "id": 13,
	    "x": 30,
	    "y": 13
	},
	{
	    "id": 14,
	    "x": 16,
	    "y": 50
	},
	{
	    "id": 15,
	    "x": 33,
	    "y": 28
	},
	{
	    "id": 16,
	    "x": 35,
	    "y": 24
	},
	{
	    "id": 17,
	    "x": 1,
	    "y": 4
	},
	{
	    "id": 18,
	    "x": 11,
	    "y": 20
	},
	{
	    "id": 19,
	    "x": 31,
	    "y": 12
	},
	{
	    "id": 20,
	    "x": 10,
	    "y": 4
	},
	{
	    "id": 21,
	    "x": 26,
	    "y": 18
	},
	{
	    "id": 22,
	    "x": 43,
	    "y": 16
	},
	{
	    "id": 23,
	    "x": 14,
	    "y": 50
	},
	{
	    "id": 24,
	    "x": 11,
	    "y": 33
	},
	{
	    "id": 25,
	    "x": 35,
	    "y": 16
	},
	{
	    "id": 26,
	    "x": 4,
	    "y": 50
	},
	{
	    "id": 27,
	    "x": 40,
	    "y": 26
	},
	{
	    "id": 28,
	    "x": 20,
	    "y": 31
	},
	{
	    "id": 29,
	    "x": 18,
	    "y": 31
	},
	{
	    "id": 30,
	    "x": 50,
	    "y": 20
	},
	{
	    "id": 31,
	    "x": 33,
	    "y": 16
	},
	{
	    "id": 32,
	    "x": 37,
	    "y": 17
	},
	{
	    "id": 33,
	    "x": 15,
	    "y": 35
	},
	{
	    "id": 34,
	    "x": 28,
	    "y": 22
	},
	{
	    "id": 35,
	    "x": 25,
	    "y": 10
	},
	{
	    "id": 36,
	    "x": 46,
	    "y": 22
	},
	{
	    "id": 37,
	    "x": 13,
	    "y": 35
	},
	{
	    "id": 38,
	    "x": 15,
	    "y": 21
	},
	{
	    "id": 39,
	    "x": 7,
	    "y": 36
	}
    ],
    "edges": [
	{
	    "source": 0,
	    "target": 36
	},
	{
	    "source": 1,
	    "target": 38
	},
	{
	    "source": 1,
	    "target": 34
	},
	{
	    "source": 2,
	    "target": 8
	},
	{
	    "source": 3,
	    "target": 14
	},
	{
	    "source": 3,
	    "target": 33
	},
	{
	    "source": 4,
	    "target": 35
	},
	{
	    "source": 4,
	    "target": 11
	},
	{
	    "source": 5,
	    "target": 28
	},
	{
	    "source": 5,
	    "target": 3
	},
	{
	    "source": 6,
	    "target": 3
	},
	{
	    "source": 7,
	    "target": 27
	},
	{
	    "source": 8,
	    "target": 39
	},
	{
	    "source": 9,
	    "target": 28
	},
	{
	    "source": 9,
	    "target": 29
	},
	{
	    "source": 10,
	    "target": 7
	},
	{
	    "source": 10,
	    "target": 30
	},
	{
	    "source": 11,
	    "target": 1
	},
	{
	    "source": 11,
	    "target": 18
	},
	{
	    "source": 13,
	    "target": 31
	},
	{
	    "source": 13,
	    "target": 34
	},
	{
	    "source": 15,
	    "target": 9
	},
	{
	    "source": 16,
	    "target": 27
	},
	{
	    "source": 17,
	    "target": 26
	},
	{
	    "source": 17,
	    "target": 2
	},
	{
	    "source": 18,
	    "target": 14
	},
	{
	    "source": 19,
	    "target": 13
	},
	{
	    "source": 19,
	    "target": 25
	},
	{
	    "source": 20,
	    "target": 11
	},
	{
	    "source": 20,
	    "target": 24
	},
	{
	    "source": 22,
	    "target": 10
	},
	{
	    "source": 22,
	    "target": 15
	},
	{
	    "source": 22,
	    "target": 5
	},
	{
	    "source": 24,
	    "target": 8
	},
	{
	    "source": 25,
	    "target": 0
	},
	{
	    "source": 25,
	    "target": 32
	},
	{
	    "source": 27,
	    "target": 15
	},
	{
	    "source": 28,
	    "target": 24
	},
	{
	    "source": 29,
	    "target": 33
	},
	{
	    "source": 30,
	    "target": 36
	},
	{
	    "source": 31,
	    "target": 21
	},
	{
	    "source": 31,
	    "target": 0
	},
	{
	    "source": 32,
	    "target": 6
	},
	{
	    "source": 33,
	    "target": 26
	},
	{
	    "source": 34,
	    "target": 16
	},
	{
	    "source": 35,
	    "target": 19
	},
	{
	    "source": 35,
	    "target": 21
	},
	{
	    "source": 36,
	    "target": 7
	},
	{
	    "source": 37,
	    "target": 12
	},
	{
	    "source": 38,
	    "target": 23
	},
	{
	    "source": 38,
	    "target": 37
	},
	{
	    "source": 39,
	    "target": 12
	},
	{
	    "source": 39,
	    "target": 23
	}
    ],
    "width": 50,
    "height": 50
}
