{
    "nodes": [
	{
	    "id": 0,
	    "x": 694,
	    "y": 0
	},
	{
	    "id": 1,
	    "x": 2861,
	    "y": 0
	},
	{
	    "id": 2,
	    "x": 17800,
	    "y": 0
	},
	{
	    "id": 3,
	    "x": 65600,
	    "y": 100000
	},
	{
	    "id": 4,
	    "x": 5547,
	    "y": 0
	},
	{
	    "id": 5,
	    "x": 22400,
	    "y": 0
	},
	{
	    "id": 6,
	    "x": 23100,
	    "y": 100000
	},
	{
	    "id": 7,
	    "x": 33500,
	    "y": 100000
	},
	{
	    "id": 8,
	    "x": 80436,
	    "y": 100000
	},
	{
	    "id": 9,
	    "x": 34200,
	    "y": 0
	},
	{
	    "id": 10,
	    "x": 53700,
	    "y": 100000
	},
	{
	    "id": 11,
	    "x": 75480,
	    "y": 100000
	},
	{
	    "id": 12,
	    "x": 48500,
	    "y": 100000
	},
	{
	    "id": 13,
	    "x": 3077,
	    "y": 100000
	},
	{
	    "id": 14,
	    "x": 40400,
	    "y": 100000
	},
	{
	    "id": 15,
	    "x": 73100,
	    "y": 100000
	},
	{
	    "id": 16,
	    "x": 27800,
	    "y": 100000
	},
	{
	    "id": 17,
	    "x": 13691,
	    "y": 0
	},
	{
	    "id": 18,
	    "x": 12583,
	    "y": 0
	},
	{
	    "id": 19,
	    "x": 18800,
	    "y": 0
	},
	{
	    "id": 20,
	    "x": 38900,
	    "y": 0
	},
	{
	    "id": 21,
	    "x": 29924,
	    "y": 100000
	},
	{
	    "id": 22,
	    "x": 83915,
	    "y": 100000
	},
	{
	    "id": 23,
	    "x": 97300,
	    "y": 100000
	},
	{
	    "id": 24,
	    "x": 65200,
	    "y": 100000
	},
	{
	    "id": 25,
	    "x": 26400,
	    "y": 100000
	},
	{
	    "id": 26,
	    "x": 59500,
	    "y": 0
	},
	{
	    "id": 27,
	    "x": 28900,
	    "y": 0
	},
	{
	    "id": 28,
	    "x": 800,
	    "y": 100000
	},
	{
	    "id": 29,
	    "x": 28500,
	    "y": 100000
	},
	{
	    "id": 30,
	    "x": 12900,
	    "y": 100000
	},
	{
	    "id": 31,
	    "x": 26500,
	    "y": 0
	},
	{
	    "id": 32,
	    "x": 3000,
	    "y": 100000
	},
	{
	    "id": 33,
	    "x": 19486,
	    "y": 0
	},
	{
	    "id": 34,
	    "x": 43200,
	    "y": 0
	},
	{
	    "id": 35,
	    "x": 37100,
	    "y": 0
	},
	{
	    "id": 36,
	    "x": 57600,
	    "y": 0
	},
	{
	    "id": 37,
	    "x": 42792,
	    "y": 0
	},
	{
	    "id": 38,
	    "x": 61300,
	    "y": 100000
	},
	{
	    "id": 39,
	    "x": 54831,
	    "y": 100000
	},
	{
	    "id": 40,
	    "x": 42200,
	    "y": 100000
	},
	{
	    "id": 41,
	    "x": 32700,
	    "y": 0
	},
	{
	    "id": 42,
	    "x": 23100,
	    "y": 0
	},
	{
	    "id": 43,
	    "x": 4099,
	    "y": 100000
	},
	{
	    "id": 44,
	    "x": 80448,
	    "y": 100000
	},
	{
	    "id": 45,
	    "x": 43000,
	    "y": 100000
	},
	{
	    "id": 46,
	    "x": 43800,
	    "y": 100000
	},
	{
	    "id": 47,
	    "x": 40975,
	    "y": 100000
	},
	{
	    "id": 48,
	    "x": 6280,
	    "y": 0
	},
	{
	    "id": 49,
	    "x": 4600,
	    "y": 100000
	},
	{
	    "id": 50,
	    "x": 22000,
	    "y": 0
	},
	{
	    "id": 51,
	    "x": 17400,
	    "y": 100000
	},
	{
	    "id": 52,
	    "x": 12538,
	    "y": 100000
	},
	{
	    "id": 53,
	    "x": 35300,
	    "y": 0
	},
	{
	    "id": 54,
	    "x": 18300,
	    "y": 100000
	},
	{
	    "id": 55,
	    "x": 100000,
	    "y": 100000
	},
	{
	    "id": 56,
	    "x": 64000,
	    "y": 100000
	},
	{
	    "id": 57,
	    "x": 66300,
	    "y": 100000
	},
	{
	    "id": 58,
	    "x": 2979,
	    "y": 0
	},
	{
	    "id": 59,
	    "x": 24600,
	    "y": 100000
	},
	{
	    "id": 60,
	    "x": 59873,
	    "y": 0
	},
	{
	    "id": 61,
	    "x": 66800,
	    "y": 0
	},
	{
	    "id": 62,
	    "x": 41687,
	    "y": 100000
	},
	{
	    "id": 63,
	    "x": 62500,
	    "y": 0
	},
	{
	    "id": 64,
	    "x": 68516,
	    "y": 0
	},
	{
	    "id": 65,
	    "x": 67302,
	    "y": 0
	},
	{
	    "id": 66,
	    "x": 21109,
	    "y": 100000
	},
	{
	    "id": 67,
	    "x": 50500,
	    "y": 100000
	},
	{
	    "id": 68,
	    "x": 50800,
	    "y": 100000
	},
	{
	    "id": 69,
	    "x": 76113,
	    "y": 100000
	},
	{
	    "id": 70,
	    "x": 66784,
	    "y": 100000
	},
	{
	    "id": 71,
	    "x": 20400,
	    "y": 0
	},
	{
	    "id": 72,
	    "x": 42600,
	    "y": 0
	},
	{
	    "id": 73,
	    "x": 16700,
	    "y": 0
	},
	{
	    "id": 74,
	    "x": 25400,
	    "y": 100000
	},
	{
	    "id": 75,
	    "x": 54182,
	    "y": 100000
	},
	{
	    "id": 76,
	    "x": 79748,
	    "y": 0
	},
	{
	    "id": 77,
	    "x": 57849,
	    "y": 0
	},
	{
	    "id": 78,
	    "x": 0,
	    "y": 100000
	},
	{
	    "id": 79,
	    "x": 3793,
	    "y": 100000
	},
	{
	    "id": 80,
	    "x": 33600,
	    "y": 0
	},
	{
	    "id": 81,
	    "x": 82282,
	    "y": 0
	},
	{
	    "id": 82,
	    "x": 98100,
	    "y": 0
	},
	{
	    "id": 83,
	    "x": 18400,
	    "y": 0
	},
	{
	    "id": 84,
	    "x": 62400,
	    "y": 100000
	},
	{
	    "id": 85,
	    "x": 70341,
	    "y": 0
	},
	{
	    "id": 86,
	    "x": 65800,
	    "y": 0
	},
	{
	    "id": 87,
	    "x": 25500,
	    "y": 0
	},
	{
	    "id": 88,
	    "x": 54200,
	    "y": 100000
	},
	{
	    "id": 89,
	    "x": 85540,
	    "y": 0
	},
	{
	    "id": 90,
	    "x": 4200,
	    "y": 0
	},
	{
	    "id": 91,
	    "x": 32500,
	    "y": 0
	},
	{
	    "id": 92,
	    "x": 15100,
	    "y": 0
	},
	{
	    "id": 93,
	    "x": 98400,
	    "y": 0
	},
	{
	    "id": 94,
	    "x": 12000,
	    "y": 0
	},
	{
	    "id": 95,
	    "x": 93700,
	    "y": 0
	},
	{
	    "id": 96,
	    "x": 71600,
	    "y": 0
	},
	{
	    "id": 97,
	    "x": 44789,
	    "y": 100000
	},
	{
	    "id": 98,
	    "x": 35200,
	    "y": 0
	},
	{
	    "id": 99,
	    "x": 60100,
	    "y": 100000
	}
    ],
    "edges": [
	{
	    "source": 0,
	    "target": 78
	},
	{
	    "source": 0,
	    "target": 32
	},
	{
	    "source": 0,
	    "target": 43
	},
	{
	    "source": 1,
	    "target": 13
	},
	{
	    "source": 1,
	    "target": 28
	},
	{
	    "source": 1,
	    "target": 79
	},
	{
	    "source": 2,
	    "target": 25
	},
	{
	    "source": 2,
	    "target": 49
	},
	{
	    "source": 2,
	    "target": 51
	},
	{
	    "source": 4,
	    "target": 78
	},
	{
	    "source": 4,
	    "target": 43
	},
	{
	    "source": 4,
	    "target": 52
	},
	{
	    "source": 5,
	    "target": 30
	},
	{
	    "source": 5,
	    "target": 6
	},
	{
	    "source": 5,
	    "target": 45
	},
	{
	    "source": 9,
	    "target": 7
	},
	{
	    "source": 9,
	    "target": 67
	},
	{
	    "source": 9,
	    "target": 40
	},
	{
	    "source": 17,
	    "target": 21
	},
	{
	    "source": 17,
	    "target": 74
	},
	{
	    "source": 17,
	    "target": 66
	},
	{
	    "source": 18,
	    "target": 52
	},
	{
	    "source": 18,
	    "target": 66
	},
	{
	    "source": 18,
	    "target": 43
	},
	{
	    "source": 19,
	    "target": 29
	},
	{
	    "source": 19,
	    "target": 14
	},
	{
	    "source": 19,
	    "target": 30
	},
	{
	    "source": 20,
	    "target": 14
	},
	{
	    "source": 20,
	    "target": 24
	},
	{
	    "source": 20,
	    "target": 84
	},
	{
	    "source": 26,
	    "target": 57
	},
	{
	    "source": 26,
	    "target": 99
	},
	{
	    "source": 26,
	    "target": 12
	},
	{
	    "source": 27,
	    "target": 12
	},
	{
	    "source": 27,
	    "target": 47
	},
	{
	    "source": 27,
	    "target": 62
	},
	{
	    "source": 31,
	    "target": 7
	},
	{
	    "source": 31,
	    "target": 97
	},
	{
	    "source": 31,
	    "target": 40
	},
	{
	    "source": 33,
	    "target": 66
	},
	{
	    "source": 33,
	    "target": 74
	},
	{
	    "source": 33,
	    "target": 52
	},
	{
	    "source": 34,
	    "target": 38
	},
	{
	    "source": 34,
	    "target": 97
	},
	{
	    "source": 34,
	    "target": 40
	},
	{
	    "source": 35,
	    "target": 39
	},
	{
	    "source": 35,
	    "target": 75
	},
	{
	    "source": 35,
	    "target": 56
	},
	{
	    "source": 36,
	    "target": 15
	},
	{
	    "source": 36,
	    "target": 46
	},
	{
	    "source": 36,
	    "target": 88
	},
	{
	    "source": 37,
	    "target": 38
	},
	{
	    "source": 37,
	    "target": 70
	},
	{
	    "source": 37,
	    "target": 97
	},
	{
	    "source": 41,
	    "target": 62
	},
	{
	    "source": 41,
	    "target": 16
	},
	{
	    "source": 41,
	    "target": 47
	},
	{
	    "source": 42,
	    "target": 29
	},
	{
	    "source": 42,
	    "target": 6
	},
	{
	    "source": 42,
	    "target": 30
	},
	{
	    "source": 48,
	    "target": 49
	},
	{
	    "source": 48,
	    "target": 51
	},
	{
	    "source": 48,
	    "target": 79
	},
	{
	    "source": 50,
	    "target": 21
	},
	{
	    "source": 50,
	    "target": 16
	},
	{
	    "source": 50,
	    "target": 74
	},
	{
	    "source": 53,
	    "target": 67
	},
	{
	    "source": 53,
	    "target": 75
	},
	{
	    "source": 53,
	    "target": 7
	},
	{
	    "source": 58,
	    "target": 79
	},
	{
	    "source": 58,
	    "target": 49
	},
	{
	    "source": 58,
	    "target": 13
	},
	{
	    "source": 60,
	    "target": 11
	},
	{
	    "source": 60,
	    "target": 44
	},
	{
	    "source": 60,
	    "target": 69
	},
	{
	    "source": 61,
	    "target": 24
	},
	{
	    "source": 61,
	    "target": 84
	},
	{
	    "source": 61,
	    "target": 3
	},
	{
	    "source": 63,
	    "target": 8
	},
	{
	    "source": 63,
	    "target": 99
	},
	{
	    "source": 63,
	    "target": 57
	},
	{
	    "source": 64,
	    "target": 56
	},
	{
	    "source": 64,
	    "target": 39
	},
	{
	    "source": 64,
	    "target": 22
	},
	{
	    "source": 65,
	    "target": 10
	},
	{
	    "source": 65,
	    "target": 70
	},
	{
	    "source": 65,
	    "target": 68
	},
	{
	    "source": 71,
	    "target": 46
	},
	{
	    "source": 71,
	    "target": 51
	},
	{
	    "source": 71,
	    "target": 25
	},
	{
	    "source": 72,
	    "target": 45
	},
	{
	    "source": 72,
	    "target": 10
	},
	{
	    "source": 72,
	    "target": 68
	},
	{
	    "source": 73,
	    "target": 54
	},
	{
	    "source": 73,
	    "target": 59
	},
	{
	    "source": 73,
	    "target": 32
	},
	{
	    "source": 76,
	    "target": 8
	},
	{
	    "source": 76,
	    "target": 23
	},
	{
	    "source": 76,
	    "target": 22
	},
	{
	    "source": 77,
	    "target": 67
	},
	{
	    "source": 77,
	    "target": 39
	},
	{
	    "source": 77,
	    "target": 75
	},
	{
	    "source": 80,
	    "target": 10
	},
	{
	    "source": 80,
	    "target": 45
	},
	{
	    "source": 80,
	    "target": 6
	},
	{
	    "source": 81,
	    "target": 69
	},
	{
	    "source": 81,
	    "target": 15
	},
	{
	    "source": 81,
	    "target": 55
	},
	{
	    "source": 82,
	    "target": 23
	},
	{
	    "source": 82,
	    "target": 8
	},
	{
	    "source": 82,
	    "target": 57
	},
	{
	    "source": 83,
	    "target": 16
	},
	{
	    "source": 83,
	    "target": 21
	},
	{
	    "source": 83,
	    "target": 62
	},
	{
	    "source": 85,
	    "target": 24
	},
	{
	    "source": 85,
	    "target": 3
	},
	{
	    "source": 85,
	    "target": 11
	},
	{
	    "source": 86,
	    "target": 70
	},
	{
	    "source": 86,
	    "target": 38
	},
	{
	    "source": 86,
	    "target": 68
	},
	{
	    "source": 87,
	    "target": 88
	},
	{
	    "source": 87,
	    "target": 25
	},
	{
	    "source": 87,
	    "target": 46
	},
	{
	    "source": 89,
	    "target": 55
	},
	{
	    "source": 89,
	    "target": 44
	},
	{
	    "source": 89,
	    "target": 69
	},
	{
	    "source": 90,
	    "target": 78
	},
	{
	    "source": 90,
	    "target": 32
	},
	{
	    "source": 90,
	    "target": 54
	},
	{
	    "source": 91,
	    "target": 99
	},
	{
	    "source": 91,
	    "target": 47
	},
	{
	    "source": 91,
	    "target": 12
	},
	{
	    "source": 92,
	    "target": 54
	},
	{
	    "source": 92,
	    "target": 59
	},
	{
	    "source": 92,
	    "target": 28
	},
	{
	    "source": 93,
	    "target": 88
	},
	{
	    "source": 93,
	    "target": 55
	},
	{
	    "source": 93,
	    "target": 15
	},
	{
	    "source": 94,
	    "target": 59
	},
	{
	    "source": 94,
	    "target": 28
	},
	{
	    "source": 94,
	    "target": 13
	},
	{
	    "source": 95,
	    "target": 22
	},
	{
	    "source": 95,
	    "target": 23
	},
	{
	    "source": 95,
	    "target": 56
	},
	{
	    "source": 96,
	    "target": 3
	},
	{
	    "source": 96,
	    "target": 44
	},
	{
	    "source": 96,
	    "target": 11
	},
	{
	    "source": 98,
	    "target": 14
	},
	{
	    "source": 98,
	    "target": 29
	},
	{
	    "source": 98,
	    "target": 84
	}
    ],
    "width": 100000,
    "height": 100000
}
