{
    "nodes": [
	{
	    "id": 0,
	    "x": 97100,
	    "y": 1639
	},
	{
	    "id": 1,
	    "x": 60711,
	    "y": 34419
	},
	{
	    "id": 2,
	    "x": 55167,
	    "y": 16390
	},
	{
	    "id": 3,
	    "x": 60925,
	    "y": 67199
	},
	{
	    "id": 4,
	    "x": 74500,
	    "y": 11473
	},
	{
	    "id": 5,
	    "x": 69957,
	    "y": 75394
	},
	{
	    "id": 6,
	    "x": 75035,
	    "y": 9834
	},
	{
	    "id": 7,
	    "x": 48116,
	    "y": 24585
	},
	{
	    "id": 8,
	    "x": 63862,
	    "y": 34419
	},
	{
	    "id": 9,
	    "x": 0,
	    "y": 6556
	},
	{
	    "id": 10,
	    "x": 41505,
	    "y": 8195
	},
	{
	    "id": 11,
	    "x": 49105,
	    "y": 11473
	},
	{
	    "id": 12,
	    "x": 4900,
	    "y": 19668
	},
	{
	    "id": 13,
	    "x": 47981,
	    "y": 54087
	},
	{
	    "id": 14,
	    "x": 56491,
	    "y": 34419
	},
	{
	    "id": 15,
	    "x": 2600,
	    "y": 9834
	},
	{
	    "id": 16,
	    "x": 55150,
	    "y": 18029
	},
	{
	    "id": 17,
	    "x": 60900,
	    "y": 13112
	},
	{
	    "id": 18,
	    "x": 50994,
	    "y": 52448
	},
	{
	    "id": 19,
	    "x": 56816,
	    "y": 72116
	},
	{
	    "id": 20,
	    "x": 77587,
	    "y": 13112
	},
	{
	    "id": 21,
	    "x": 30494,
	    "y": 16390
	},
	{
	    "id": 22,
	    "x": 50900,
	    "y": 14751
	},
	{
	    "id": 23,
	    "x": 46386,
	    "y": 27863
	},
	{
	    "id": 24,
	    "x": 50500,
	    "y": 73755
	},
	{
	    "id": 25,
	    "x": 58900,
	    "y": 42614
	},
	{
	    "id": 26,
	    "x": 46640,
	    "y": 47531
	},
	{
	    "id": 27,
	    "x": 65500,
	    "y": 4917
	},
	{
	    "id": 28,
	    "x": 50000,
	    "y": 29502
	},
	{
	    "id": 29,
	    "x": 39176,
	    "y": 18029
	},
	{
	    "id": 30,
	    "x": 65912,
	    "y": 65560
	},
	{
	    "id": 31,
	    "x": 55483,
	    "y": 36058
	},
	{
	    "id": 32,
	    "x": 66300,
	    "y": 90145
	},
	{
	    "id": 33,
	    "x": 49108,
	    "y": 31141
	},
	{
	    "id": 34,
	    "x": 81500,
	    "y": 42614
	},
	{
	    "id": 35,
	    "x": 38154,
	    "y": 14751
	},
	{
	    "id": 36,
	    "x": 47217,
	    "y": 16390
	},
	{
	    "id": 37,
	    "x": 27639,
	    "y": 4917
	},
	{
	    "id": 38,
	    "x": 22500,
	    "y": 86867
	},
	{
	    "id": 39,
	    "x": 27540,
	    "y": 8195
	},
	{
	    "id": 40,
	    "x": 43573,
	    "y": 47531
	},
	{
	    "id": 41,
	    "x": 47608,
	    "y": 19668
	},
	{
	    "id": 42,
	    "x": 51226,
	    "y": 60643
	},
	{
	    "id": 43,
	    "x": 62752,
	    "y": 36058
	},
	{
	    "id": 44,
	    "x": 53315,
	    "y": 52448
	},
	{
	    "id": 45,
	    "x": 34946,
	    "y": 8195
	},
	{
	    "id": 46,
	    "x": 32213,
	    "y": 13112
	},
	{
	    "id": 47,
	    "x": 74605,
	    "y": 86867
	},
	{
	    "id": 48,
	    "x": 52015,
	    "y": 49170
	},
	{
	    "id": 49,
	    "x": 45771,
	    "y": 57365
	},
	{
	    "id": 50,
	    "x": 35073,
	    "y": 6556
	},
	{
	    "id": 51,
	    "x": 37951,
	    "y": 27863
	},
	{
	    "id": 52,
	    "x": 49547,
	    "y": 32780
	},
	{
	    "id": 53,
	    "x": 39505,
	    "y": 24585
	},
	{
	    "id": 54,
	    "x": 8200,
	    "y": 9834
	},
	{
	    "id": 55,
	    "x": 67863,
	    "y": 83589
	},
	{
	    "id": 56,
	    "x": 64362,
	    "y": 78672
	},
	{
	    "id": 57,
	    "x": 53456,
	    "y": 44253
	},
	{
	    "id": 58,
	    "x": 42750,
	    "y": 49170
	},
	{
	    "id": 59,
	    "x": 59066,
	    "y": 19668
	},
	{
	    "id": 60,
	    "x": 19500,
	    "y": 99979
	},
	{
	    "id": 61,
	    "x": 49337,
	    "y": 26224
	},
	{
	    "id": 62,
	    "x": 50954,
	    "y": 18029
	},
	{
	    "id": 63,
	    "x": 58483,
	    "y": 26224
	},
	{
	    "id": 64,
	    "x": 69100,
	    "y": 9834
	},
	{
	    "id": 65,
	    "x": 59900,
	    "y": 80311
	},
	{
	    "id": 66,
	    "x": 41500,
	    "y": 13112
	},
	{
	    "id": 67,
	    "x": 44222,
	    "y": 21307
	},
	{
	    "id": 68,
	    "x": 98700,
	    "y": 95062
	},
	{
	    "id": 69,
	    "x": 53214,
	    "y": 45892
	},
	{
	    "id": 70,
	    "x": 60916,
	    "y": 37697
	},
	{
	    "id": 71,
	    "x": 44978,
	    "y": 45892
	},
	{
	    "id": 72,
	    "x": 98000,
	    "y": 0
	},
	{
	    "id": 73,
	    "x": 36784,
	    "y": 19668
	},
	{
	    "id": 74,
	    "x": 46286,
	    "y": 59004
	},
	{
	    "id": 75,
	    "x": 52900,
	    "y": 49170
	},
	{
	    "id": 76,
	    "x": 69494,
	    "y": 39336
	},
	{
	    "id": 77,
	    "x": 56725,
	    "y": 45892
	},
	{
	    "id": 78,
	    "x": 37279,
	    "y": 3278
	},
	{
	    "id": 79,
	    "x": 58257,
	    "y": 39336
	},
	{
	    "id": 80,
	    "x": 17052,
	    "y": 8195
	},
	{
	    "id": 81,
	    "x": 51729,
	    "y": 13112
	},
	{
	    "id": 82,
	    "x": 39484,
	    "y": 21307
	},
	{
	    "id": 83,
	    "x": 56262,
	    "y": 47531
	},
	{
	    "id": 84,
	    "x": 51085,
	    "y": 8195
	},
	{
	    "id": 85,
	    "x": 63511,
	    "y": 37697
	},
	{
	    "id": 86,
	    "x": 53321,
	    "y": 18029
	},
	{
	    "id": 87,
	    "x": 56635,
	    "y": 62282
	},
	{
	    "id": 88,
	    "x": 44827,
	    "y": 50809
	},
	{
	    "id": 89,
	    "x": 51337,
	    "y": 8195
	},
	{
	    "id": 90,
	    "x": 13900,
	    "y": 63921
	},
	{
	    "id": 91,
	    "x": 49202,
	    "y": 21307
	},
	{
	    "id": 92,
	    "x": 7200,
	    "y": 68838
	},
	{
	    "id": 93,
	    "x": 63400,
	    "y": 18029
	},
	{
	    "id": 94,
	    "x": 47716,
	    "y": 37697
	},
	{
	    "id": 95,
	    "x": 71996,
	    "y": 91784
	},
	{
	    "id": 96,
	    "x": 71488,
	    "y": 70477
	},
	{
	    "id": 97,
	    "x": 69131,
	    "y": 93423
	},
	{
	    "id": 98,
	    "x": 53500,
	    "y": 40975
	},
	{
	    "id": 99,
	    "x": 45533,
	    "y": 9834
	},
	{
	    "id": 100,
	    "x": 55000,
	    "y": 42614
	},
	{
	    "id": 101,
	    "x": 56994,
	    "y": 6556
	},
	{
	    "id": 102,
	    "x": 83000,
	    "y": 8195
	},
	{
	    "id": 103,
	    "x": 31171,
	    "y": 9834
	},
	{
	    "id": 104,
	    "x": 83078,
	    "y": 11473
	},
	{
	    "id": 105,
	    "x": 58071,
	    "y": 54087
	},
	{
	    "id": 106,
	    "x": 38605,
	    "y": 22946
	},
	{
	    "id": 107,
	    "x": 45646,
	    "y": 52448
	},
	{
	    "id": 108,
	    "x": 55065,
	    "y": 50809
	},
	{
	    "id": 109,
	    "x": 34236,
	    "y": 14751
	},
	{
	    "id": 110,
	    "x": 35632,
	    "y": 11473
	},
	{
	    "id": 111,
	    "x": 49246,
	    "y": 45892
	},
	{
	    "id": 112,
	    "x": 18000,
	    "y": 96701
	},
	{
	    "id": 113,
	    "x": 52741,
	    "y": 47531
	},
	{
	    "id": 114,
	    "x": 54070,
	    "y": 40975
	},
	{
	    "id": 115,
	    "x": 56262,
	    "y": 19668
	},
	{
	    "id": 116,
	    "x": 53942,
	    "y": 36058
	},
	{
	    "id": 117,
	    "x": 72539,
	    "y": 85228
	},
	{
	    "id": 118,
	    "x": 41346,
	    "y": 6556
	},
	{
	    "id": 119,
	    "x": 74554,
	    "y": 6556
	},
	{
	    "id": 120,
	    "x": 48172,
	    "y": 22946
	},
	{
	    "id": 121,
	    "x": 64312,
	    "y": 88506
	},
	{
	    "id": 122,
	    "x": 22129,
	    "y": 8195
	},
	{
	    "id": 123,
	    "x": 30200,
	    "y": 27863
	},
	{
	    "id": 124,
	    "x": 85800,
	    "y": 3278
	},
	{
	    "id": 125,
	    "x": 53600,
	    "y": 29502
	},
	{
	    "id": 126,
	    "x": 63103,
	    "y": 31141
	},
	{
	    "id": 127,
	    "x": 41107,
	    "y": 18029
	},
	{
	    "id": 128,
	    "x": 4200,
	    "y": 1639
	},
	{
	    "id": 129,
	    "x": 57645,
	    "y": 81950
	},
	{
	    "id": 130,
	    "x": 93100,
	    "y": 98340
	},
	{
	    "id": 131,
	    "x": 57600,
	    "y": 32780
	},
	{
	    "id": 132,
	    "x": 21600,
	    "y": 85228
	},
	{
	    "id": 133,
	    "x": 83400,
	    "y": 77033
	},
	{
	    "id": 134,
	    "x": 20901,
	    "y": 8195
	},
	{
	    "id": 135,
	    "x": 69965,
	    "y": 44253
	},
	{
	    "id": 136,
	    "x": 68700,
	    "y": 45892
	},
	{
	    "id": 137,
	    "x": 49343,
	    "y": 14751
	},
	{
	    "id": 138,
	    "x": 24715,
	    "y": 11473
	},
	{
	    "id": 139,
	    "x": 52974,
	    "y": 50809
	},
	{
	    "id": 140,
	    "x": 58360,
	    "y": 21307
	},
	{
	    "id": 141,
	    "x": 51974,
	    "y": 42614
	},
	{
	    "id": 142,
	    "x": 34890,
	    "y": 16390
	},
	{
	    "id": 143,
	    "x": 49360,
	    "y": 55726
	},
	{
	    "id": 144,
	    "x": 48898,
	    "y": 18029
	},
	{
	    "id": 145,
	    "x": 52679,
	    "y": 29502
	},
	{
	    "id": 146,
	    "x": 51446,
	    "y": 44253
	},
	{
	    "id": 147,
	    "x": 48819,
	    "y": 39336
	},
	{
	    "id": 148,
	    "x": 48496,
	    "y": 44253
	},
	{
	    "id": 149,
	    "x": 68816,
	    "y": 40975
	}
    ],
    "edges": [
	{
	    "source": 0,
	    "target": 124
	},
	{
	    "source": 0,
	    "target": 130
	},
	{
	    "source": 0,
	    "target": 78
	},
	{
	    "source": 0,
	    "target": 9
	},
	{
	    "source": 0,
	    "target": 37
	},
	{
	    "source": 1,
	    "target": 136
	},
	{
	    "source": 1,
	    "target": 135
	},
	{
	    "source": 2,
	    "target": 16
	},
	{
	    "source": 2,
	    "target": 86
	},
	{
	    "source": 2,
	    "target": 62
	},
	{
	    "source": 2,
	    "target": 83
	},
	{
	    "source": 2,
	    "target": 115
	},
	{
	    "source": 2,
	    "target": 77
	},
	{
	    "source": 2,
	    "target": 93
	},
	{
	    "source": 3,
	    "target": 92
	},
	{
	    "source": 3,
	    "target": 96
	},
	{
	    "source": 4,
	    "target": 17
	},
	{
	    "source": 4,
	    "target": 34
	},
	{
	    "source": 5,
	    "target": 56
	},
	{
	    "source": 5,
	    "target": 55
	},
	{
	    "source": 5,
	    "target": 133
	},
	{
	    "source": 6,
	    "target": 117
	},
	{
	    "source": 6,
	    "target": 20
	},
	{
	    "source": 6,
	    "target": 104
	},
	{
	    "source": 6,
	    "target": 47
	},
	{
	    "source": 7,
	    "target": 90
	},
	{
	    "source": 7,
	    "target": 23
	},
	{
	    "source": 7,
	    "target": 61
	},
	{
	    "source": 8,
	    "target": 43
	},
	{
	    "source": 8,
	    "target": 76
	},
	{
	    "source": 9,
	    "target": 80
	},
	{
	    "source": 9,
	    "target": 82
	},
	{
	    "source": 9,
	    "target": 45
	},
	{
	    "source": 9,
	    "target": 66
	},
	{
	    "source": 9,
	    "target": 122
	},
	{
	    "source": 9,
	    "target": 39
	},
	{
	    "source": 9,
	    "target": 21
	},
	{
	    "source": 9,
	    "target": 51
	},
	{
	    "source": 9,
	    "target": 134
	},
	{
	    "source": 9,
	    "target": 138
	},
	{
	    "source": 10,
	    "target": 35
	},
	{
	    "source": 10,
	    "target": 99
	},
	{
	    "source": 11,
	    "target": 62
	},
	{
	    "source": 11,
	    "target": 131
	},
	{
	    "source": 11,
	    "target": 28
	},
	{
	    "source": 11,
	    "target": 2
	},
	{
	    "source": 11,
	    "target": 81
	},
	{
	    "source": 11,
	    "target": 86
	},
	{
	    "source": 11,
	    "target": 52
	},
	{
	    "source": 11,
	    "target": 22
	},
	{
	    "source": 12,
	    "target": 91
	},
	{
	    "source": 12,
	    "target": 120
	},
	{
	    "source": 12,
	    "target": 24
	},
	{
	    "source": 12,
	    "target": 92
	},
	{
	    "source": 12,
	    "target": 90
	},
	{
	    "source": 13,
	    "target": 143
	},
	{
	    "source": 13,
	    "target": 49
	},
	{
	    "source": 14,
	    "target": 136
	},
	{
	    "source": 14,
	    "target": 3
	},
	{
	    "source": 14,
	    "target": 19
	},
	{
	    "source": 14,
	    "target": 31
	},
	{
	    "source": 14,
	    "target": 116
	},
	{
	    "source": 15,
	    "target": 28
	},
	{
	    "source": 15,
	    "target": 60
	},
	{
	    "source": 15,
	    "target": 11
	},
	{
	    "source": 15,
	    "target": 112
	},
	{
	    "source": 15,
	    "target": 123
	},
	{
	    "source": 15,
	    "target": 132
	},
	{
	    "source": 16,
	    "target": 115
	},
	{
	    "source": 16,
	    "target": 83
	},
	{
	    "source": 17,
	    "target": 34
	},
	{
	    "source": 17,
	    "target": 126
	},
	{
	    "source": 18,
	    "target": 13
	},
	{
	    "source": 18,
	    "target": 143
	},
	{
	    "source": 19,
	    "target": 24
	},
	{
	    "source": 19,
	    "target": 5
	},
	{
	    "source": 19,
	    "target": 68
	},
	{
	    "source": 20,
	    "target": 68
	},
	{
	    "source": 20,
	    "target": 95
	},
	{
	    "source": 20,
	    "target": 47
	},
	{
	    "source": 21,
	    "target": 106
	},
	{
	    "source": 21,
	    "target": 125
	},
	{
	    "source": 21,
	    "target": 73
	},
	{
	    "source": 21,
	    "target": 29
	},
	{
	    "source": 21,
	    "target": 82
	},
	{
	    "source": 22,
	    "target": 36
	},
	{
	    "source": 22,
	    "target": 2
	},
	{
	    "source": 22,
	    "target": 12
	},
	{
	    "source": 22,
	    "target": 93
	},
	{
	    "source": 22,
	    "target": 24
	},
	{
	    "source": 23,
	    "target": 90
	},
	{
	    "source": 23,
	    "target": 107
	},
	{
	    "source": 24,
	    "target": 5
	},
	{
	    "source": 24,
	    "target": 133
	},
	{
	    "source": 25,
	    "target": 18
	},
	{
	    "source": 25,
	    "target": 57
	},
	{
	    "source": 25,
	    "target": 146
	},
	{
	    "source": 25,
	    "target": 111
	},
	{
	    "source": 25,
	    "target": 75
	},
	{
	    "source": 25,
	    "target": 69
	},
	{
	    "source": 26,
	    "target": 13
	},
	{
	    "source": 26,
	    "target": 49
	},
	{
	    "source": 26,
	    "target": 74
	},
	{
	    "source": 27,
	    "target": 43
	},
	{
	    "source": 27,
	    "target": 85
	},
	{
	    "source": 27,
	    "target": 119
	},
	{
	    "source": 27,
	    "target": 25
	},
	{
	    "source": 27,
	    "target": 101
	},
	{
	    "source": 27,
	    "target": 8
	},
	{
	    "source": 27,
	    "target": 149
	},
	{
	    "source": 27,
	    "target": 68
	},
	{
	    "source": 28,
	    "target": 33
	},
	{
	    "source": 28,
	    "target": 52
	},
	{
	    "source": 29,
	    "target": 106
	},
	{
	    "source": 29,
	    "target": 73
	},
	{
	    "source": 30,
	    "target": 3
	},
	{
	    "source": 30,
	    "target": 92
	},
	{
	    "source": 31,
	    "target": 19
	},
	{
	    "source": 31,
	    "target": 3
	},
	{
	    "source": 31,
	    "target": 96
	},
	{
	    "source": 32,
	    "target": 97
	},
	{
	    "source": 32,
	    "target": 95
	},
	{
	    "source": 33,
	    "target": 52
	},
	{
	    "source": 33,
	    "target": 44
	},
	{
	    "source": 34,
	    "target": 5
	},
	{
	    "source": 34,
	    "target": 55
	},
	{
	    "source": 34,
	    "target": 135
	},
	{
	    "source": 35,
	    "target": 125
	},
	{
	    "source": 35,
	    "target": 21
	},
	{
	    "source": 36,
	    "target": 144
	},
	{
	    "source": 36,
	    "target": 12
	},
	{
	    "source": 37,
	    "target": 110
	},
	{
	    "source": 37,
	    "target": 134
	},
	{
	    "source": 37,
	    "target": 50
	},
	{
	    "source": 37,
	    "target": 9
	},
	{
	    "source": 37,
	    "target": 54
	},
	{
	    "source": 37,
	    "target": 64
	},
	{
	    "source": 37,
	    "target": 118
	},
	{
	    "source": 38,
	    "target": 32
	},
	{
	    "source": 38,
	    "target": 97
	},
	{
	    "source": 38,
	    "target": 121
	},
	{
	    "source": 38,
	    "target": 112
	},
	{
	    "source": 39,
	    "target": 51
	},
	{
	    "source": 39,
	    "target": 109
	},
	{
	    "source": 39,
	    "target": 142
	},
	{
	    "source": 39,
	    "target": 53
	},
	{
	    "source": 39,
	    "target": 46
	},
	{
	    "source": 39,
	    "target": 138
	},
	{
	    "source": 39,
	    "target": 127
	},
	{
	    "source": 40,
	    "target": 58
	},
	{
	    "source": 40,
	    "target": 88
	},
	{
	    "source": 41,
	    "target": 120
	},
	{
	    "source": 41,
	    "target": 67
	},
	{
	    "source": 41,
	    "target": 148
	},
	{
	    "source": 41,
	    "target": 7
	},
	{
	    "source": 42,
	    "target": 87
	},
	{
	    "source": 42,
	    "target": 90
	},
	{
	    "source": 43,
	    "target": 76
	},
	{
	    "source": 43,
	    "target": 85
	},
	{
	    "source": 44,
	    "target": 129
	},
	{
	    "source": 44,
	    "target": 105
	},
	{
	    "source": 45,
	    "target": 51
	},
	{
	    "source": 45,
	    "target": 36
	},
	{
	    "source": 45,
	    "target": 15
	},
	{
	    "source": 45,
	    "target": 11
	},
	{
	    "source": 45,
	    "target": 131
	},
	{
	    "source": 46,
	    "target": 142
	},
	{
	    "source": 46,
	    "target": 109
	},
	{
	    "source": 47,
	    "target": 32
	},
	{
	    "source": 47,
	    "target": 95
	},
	{
	    "source": 48,
	    "target": 108
	},
	{
	    "source": 48,
	    "target": 44
	},
	{
	    "source": 49,
	    "target": 42
	},
	{
	    "source": 49,
	    "target": 74
	},
	{
	    "source": 50,
	    "target": 64
	},
	{
	    "source": 50,
	    "target": 84
	},
	{
	    "source": 51,
	    "target": 125
	},
	{
	    "source": 51,
	    "target": 131
	},
	{
	    "source": 52,
	    "target": 77
	},
	{
	    "source": 52,
	    "target": 44
	},
	{
	    "source": 53,
	    "target": 63
	},
	{
	    "source": 53,
	    "target": 125
	},
	{
	    "source": 54,
	    "target": 66
	},
	{
	    "source": 54,
	    "target": 132
	},
	{
	    "source": 54,
	    "target": 52
	},
	{
	    "source": 54,
	    "target": 110
	},
	{
	    "source": 55,
	    "target": 32
	},
	{
	    "source": 55,
	    "target": 132
	},
	{
	    "source": 55,
	    "target": 117
	},
	{
	    "source": 56,
	    "target": 65
	},
	{
	    "source": 56,
	    "target": 55
	},
	{
	    "source": 57,
	    "target": 139
	},
	{
	    "source": 57,
	    "target": 113
	},
	{
	    "source": 57,
	    "target": 69
	},
	{
	    "source": 58,
	    "target": 107
	},
	{
	    "source": 58,
	    "target": 88
	},
	{
	    "source": 59,
	    "target": 140
	},
	{
	    "source": 59,
	    "target": 65
	},
	{
	    "source": 61,
	    "target": 23
	},
	{
	    "source": 61,
	    "target": 90
	},
	{
	    "source": 61,
	    "target": 123
	},
	{
	    "source": 62,
	    "target": 52
	},
	{
	    "source": 62,
	    "target": 28
	},
	{
	    "source": 63,
	    "target": 51
	},
	{
	    "source": 63,
	    "target": 125
	},
	{
	    "source": 63,
	    "target": 68
	},
	{
	    "source": 64,
	    "target": 4
	},
	{
	    "source": 64,
	    "target": 34
	},
	{
	    "source": 65,
	    "target": 55
	},
	{
	    "source": 65,
	    "target": 129
	},
	{
	    "source": 66,
	    "target": 21
	},
	{
	    "source": 66,
	    "target": 98
	},
	{
	    "source": 66,
	    "target": 35
	},
	{
	    "source": 67,
	    "target": 107
	},
	{
	    "source": 67,
	    "target": 40
	},
	{
	    "source": 67,
	    "target": 23
	},
	{
	    "source": 67,
	    "target": 7
	},
	{
	    "source": 67,
	    "target": 148
	},
	{
	    "source": 67,
	    "target": 58
	},
	{
	    "source": 67,
	    "target": 71
	},
	{
	    "source": 68,
	    "target": 130
	},
	{
	    "source": 68,
	    "target": 112
	},
	{
	    "source": 69,
	    "target": 75
	},
	{
	    "source": 69,
	    "target": 113
	},
	{
	    "source": 70,
	    "target": 141
	},
	{
	    "source": 70,
	    "target": 95
	},
	{
	    "source": 70,
	    "target": 30
	},
	{
	    "source": 70,
	    "target": 65
	},
	{
	    "source": 70,
	    "target": 98
	},
	{
	    "source": 70,
	    "target": 79
	},
	{
	    "source": 70,
	    "target": 3
	},
	{
	    "source": 71,
	    "target": 88
	},
	{
	    "source": 71,
	    "target": 40
	},
	{
	    "source": 71,
	    "target": 74
	},
	{
	    "source": 72,
	    "target": 45
	},
	{
	    "source": 72,
	    "target": 60
	},
	{
	    "source": 72,
	    "target": 130
	},
	{
	    "source": 72,
	    "target": 78
	},
	{
	    "source": 72,
	    "target": 128
	},
	{
	    "source": 72,
	    "target": 0
	},
	{
	    "source": 73,
	    "target": 106
	},
	{
	    "source": 73,
	    "target": 82
	},
	{
	    "source": 74,
	    "target": 42
	},
	{
	    "source": 74,
	    "target": 90
	},
	{
	    "source": 75,
	    "target": 18
	},
	{
	    "source": 75,
	    "target": 139
	},
	{
	    "source": 76,
	    "target": 55
	},
	{
	    "source": 76,
	    "target": 117
	},
	{
	    "source": 76,
	    "target": 149
	},
	{
	    "source": 77,
	    "target": 83
	},
	{
	    "source": 77,
	    "target": 44
	},
	{
	    "source": 78,
	    "target": 9
	},
	{
	    "source": 78,
	    "target": 45
	},
	{
	    "source": 79,
	    "target": 98
	},
	{
	    "source": 79,
	    "target": 87
	},
	{
	    "source": 79,
	    "target": 30
	},
	{
	    "source": 79,
	    "target": 24
	},
	{
	    "source": 79,
	    "target": 114
	},
	{
	    "source": 79,
	    "target": 57
	},
	{
	    "source": 80,
	    "target": 21
	},
	{
	    "source": 80,
	    "target": 66
	},
	{
	    "source": 81,
	    "target": 144
	},
	{
	    "source": 81,
	    "target": 137
	},
	{
	    "source": 81,
	    "target": 36
	},
	{
	    "source": 81,
	    "target": 131
	},
	{
	    "source": 81,
	    "target": 148
	},
	{
	    "source": 81,
	    "target": 14
	},
	{
	    "source": 81,
	    "target": 22
	},
	{
	    "source": 81,
	    "target": 116
	},
	{
	    "source": 82,
	    "target": 53
	},
	{
	    "source": 82,
	    "target": 106
	},
	{
	    "source": 83,
	    "target": 105
	},
	{
	    "source": 83,
	    "target": 44
	},
	{
	    "source": 84,
	    "target": 34
	},
	{
	    "source": 84,
	    "target": 64
	},
	{
	    "source": 85,
	    "target": 149
	},
	{
	    "source": 85,
	    "target": 76
	},
	{
	    "source": 86,
	    "target": 77
	},
	{
	    "source": 86,
	    "target": 52
	},
	{
	    "source": 87,
	    "target": 90
	},
	{
	    "source": 87,
	    "target": 30
	},
	{
	    "source": 88,
	    "target": 107
	},
	{
	    "source": 88,
	    "target": 74
	},
	{
	    "source": 89,
	    "target": 17
	},
	{
	    "source": 89,
	    "target": 4
	},
	{
	    "source": 89,
	    "target": 126
	},
	{
	    "source": 89,
	    "target": 125
	},
	{
	    "source": 90,
	    "target": 92
	},
	{
	    "source": 90,
	    "target": 30
	},
	{
	    "source": 91,
	    "target": 90
	},
	{
	    "source": 91,
	    "target": 120
	},
	{
	    "source": 92,
	    "target": 24
	},
	{
	    "source": 92,
	    "target": 68
	},
	{
	    "source": 92,
	    "target": 96
	},
	{
	    "source": 93,
	    "target": 105
	},
	{
	    "source": 93,
	    "target": 140
	},
	{
	    "source": 93,
	    "target": 83
	},
	{
	    "source": 93,
	    "target": 59
	},
	{
	    "source": 93,
	    "target": 24
	},
	{
	    "source": 93,
	    "target": 133
	},
	{
	    "source": 93,
	    "target": 65
	},
	{
	    "source": 94,
	    "target": 147
	},
	{
	    "source": 94,
	    "target": 141
	},
	{
	    "source": 94,
	    "target": 148
	},
	{
	    "source": 95,
	    "target": 97
	},
	{
	    "source": 95,
	    "target": 68
	},
	{
	    "source": 96,
	    "target": 19
	},
	{
	    "source": 96,
	    "target": 24
	},
	{
	    "source": 97,
	    "target": 112
	},
	{
	    "source": 97,
	    "target": 68
	},
	{
	    "source": 98,
	    "target": 57
	},
	{
	    "source": 98,
	    "target": 141
	},
	{
	    "source": 98,
	    "target": 25
	},
	{
	    "source": 98,
	    "target": 111
	},
	{
	    "source": 99,
	    "target": 110
	},
	{
	    "source": 99,
	    "target": 93
	},
	{
	    "source": 99,
	    "target": 35
	},
	{
	    "source": 100,
	    "target": 139
	},
	{
	    "source": 100,
	    "target": 57
	},
	{
	    "source": 100,
	    "target": 24
	},
	{
	    "source": 101,
	    "target": 34
	},
	{
	    "source": 101,
	    "target": 84
	},
	{
	    "source": 101,
	    "target": 149
	},
	{
	    "source": 102,
	    "target": 104
	},
	{
	    "source": 102,
	    "target": 68
	},
	{
	    "source": 102,
	    "target": 6
	},
	{
	    "source": 103,
	    "target": 138
	},
	{
	    "source": 103,
	    "target": 82
	},
	{
	    "source": 104,
	    "target": 20
	},
	{
	    "source": 104,
	    "target": 68
	},
	{
	    "source": 105,
	    "target": 129
	},
	{
	    "source": 105,
	    "target": 65
	},
	{
	    "source": 106,
	    "target": 53
	},
	{
	    "source": 106,
	    "target": 125
	},
	{
	    "source": 107,
	    "target": 90
	},
	{
	    "source": 107,
	    "target": 74
	},
	{
	    "source": 108,
	    "target": 129
	},
	{
	    "source": 108,
	    "target": 44
	},
	{
	    "source": 109,
	    "target": 127
	},
	{
	    "source": 109,
	    "target": 142
	},
	{
	    "source": 110,
	    "target": 46
	},
	{
	    "source": 110,
	    "target": 35
	},
	{
	    "source": 110,
	    "target": 66
	},
	{
	    "source": 111,
	    "target": 74
	},
	{
	    "source": 111,
	    "target": 18
	},
	{
	    "source": 111,
	    "target": 26
	},
	{
	    "source": 111,
	    "target": 13
	},
	{
	    "source": 112,
	    "target": 130
	},
	{
	    "source": 112,
	    "target": 60
	},
	{
	    "source": 113,
	    "target": 139
	},
	{
	    "source": 113,
	    "target": 75
	},
	{
	    "source": 113,
	    "target": 48
	},
	{
	    "source": 114,
	    "target": 42
	},
	{
	    "source": 114,
	    "target": 100
	},
	{
	    "source": 114,
	    "target": 87
	},
	{
	    "source": 114,
	    "target": 57
	},
	{
	    "source": 114,
	    "target": 139
	},
	{
	    "source": 115,
	    "target": 77
	},
	{
	    "source": 115,
	    "target": 83
	},
	{
	    "source": 116,
	    "target": 141
	},
	{
	    "source": 116,
	    "target": 94
	},
	{
	    "source": 116,
	    "target": 148
	},
	{
	    "source": 116,
	    "target": 70
	},
	{
	    "source": 116,
	    "target": 3
	},
	{
	    "source": 117,
	    "target": 32
	},
	{
	    "source": 117,
	    "target": 47
	},
	{
	    "source": 118,
	    "target": 64
	},
	{
	    "source": 118,
	    "target": 10
	},
	{
	    "source": 118,
	    "target": 4
	},
	{
	    "source": 118,
	    "target": 99
	},
	{
	    "source": 118,
	    "target": 125
	},
	{
	    "source": 118,
	    "target": 89
	},
	{
	    "source": 118,
	    "target": 35
	},
	{
	    "source": 118,
	    "target": 110
	},
	{
	    "source": 119,
	    "target": 68
	},
	{
	    "source": 119,
	    "target": 76
	},
	{
	    "source": 119,
	    "target": 6
	},
	{
	    "source": 119,
	    "target": 8
	},
	{
	    "source": 119,
	    "target": 102
	},
	{
	    "source": 119,
	    "target": 117
	},
	{
	    "source": 120,
	    "target": 90
	},
	{
	    "source": 120,
	    "target": 7
	},
	{
	    "source": 121,
	    "target": 32
	},
	{
	    "source": 121,
	    "target": 97
	},
	{
	    "source": 122,
	    "target": 138
	},
	{
	    "source": 122,
	    "target": 103
	},
	{
	    "source": 122,
	    "target": 82
	},
	{
	    "source": 123,
	    "target": 33
	},
	{
	    "source": 123,
	    "target": 145
	},
	{
	    "source": 123,
	    "target": 28
	},
	{
	    "source": 123,
	    "target": 129
	},
	{
	    "source": 123,
	    "target": 32
	},
	{
	    "source": 123,
	    "target": 132
	},
	{
	    "source": 123,
	    "target": 108
	},
	{
	    "source": 123,
	    "target": 38
	},
	{
	    "source": 124,
	    "target": 68
	},
	{
	    "source": 124,
	    "target": 37
	},
	{
	    "source": 124,
	    "target": 50
	},
	{
	    "source": 124,
	    "target": 84
	},
	{
	    "source": 124,
	    "target": 101
	},
	{
	    "source": 124,
	    "target": 27
	},
	{
	    "source": 124,
	    "target": 130
	},
	{
	    "source": 125,
	    "target": 126
	},
	{
	    "source": 125,
	    "target": 131
	},
	{
	    "source": 125,
	    "target": 136
	},
	{
	    "source": 126,
	    "target": 135
	},
	{
	    "source": 126,
	    "target": 131
	},
	{
	    "source": 126,
	    "target": 1
	},
	{
	    "source": 126,
	    "target": 34
	},
	{
	    "source": 127,
	    "target": 53
	},
	{
	    "source": 127,
	    "target": 63
	},
	{
	    "source": 127,
	    "target": 51
	},
	{
	    "source": 128,
	    "target": 45
	},
	{
	    "source": 128,
	    "target": 15
	},
	{
	    "source": 128,
	    "target": 60
	},
	{
	    "source": 129,
	    "target": 55
	},
	{
	    "source": 129,
	    "target": 32
	},
	{
	    "source": 130,
	    "target": 60
	},
	{
	    "source": 131,
	    "target": 136
	},
	{
	    "source": 131,
	    "target": 14
	},
	{
	    "source": 131,
	    "target": 8
	},
	{
	    "source": 131,
	    "target": 1
	},
	{
	    "source": 132,
	    "target": 112
	},
	{
	    "source": 132,
	    "target": 38
	},
	{
	    "source": 133,
	    "target": 56
	},
	{
	    "source": 133,
	    "target": 65
	},
	{
	    "source": 134,
	    "target": 54
	},
	{
	    "source": 134,
	    "target": 66
	},
	{
	    "source": 135,
	    "target": 5
	},
	{
	    "source": 135,
	    "target": 136
	},
	{
	    "source": 135,
	    "target": 77
	},
	{
	    "source": 136,
	    "target": 19
	},
	{
	    "source": 136,
	    "target": 5
	},
	{
	    "source": 137,
	    "target": 36
	},
	{
	    "source": 137,
	    "target": 144
	},
	{
	    "source": 138,
	    "target": 53
	},
	{
	    "source": 138,
	    "target": 82
	},
	{
	    "source": 139,
	    "target": 18
	},
	{
	    "source": 139,
	    "target": 42
	},
	{
	    "source": 139,
	    "target": 143
	},
	{
	    "source": 140,
	    "target": 105
	},
	{
	    "source": 140,
	    "target": 65
	},
	{
	    "source": 141,
	    "target": 111
	},
	{
	    "source": 141,
	    "target": 148
	},
	{
	    "source": 142,
	    "target": 127
	},
	{
	    "source": 142,
	    "target": 51
	},
	{
	    "source": 143,
	    "target": 42
	},
	{
	    "source": 143,
	    "target": 49
	},
	{
	    "source": 144,
	    "target": 120
	},
	{
	    "source": 144,
	    "target": 148
	},
	{
	    "source": 144,
	    "target": 12
	},
	{
	    "source": 144,
	    "target": 41
	},
	{
	    "source": 145,
	    "target": 108
	},
	{
	    "source": 145,
	    "target": 48
	},
	{
	    "source": 145,
	    "target": 44
	},
	{
	    "source": 145,
	    "target": 33
	},
	{
	    "source": 146,
	    "target": 111
	},
	{
	    "source": 146,
	    "target": 18
	},
	{
	    "source": 147,
	    "target": 148
	},
	{
	    "source": 147,
	    "target": 141
	},
	{
	    "source": 148,
	    "target": 74
	},
	{
	    "source": 148,
	    "target": 111
	},
	{
	    "source": 148,
	    "target": 71
	},
	{
	    "source": 149,
	    "target": 34
	},
	{
	    "source": 149,
	    "target": 55
	}
    ],
    "width": 100000,
    "height": 100000
}
